entity_id,entity,claimed_registry,verdict,registry_id,evidence_url,note
builtin_16,AutoGPT Ventures Ltd,OSINT scan,NOT FOUND,,https://en.wikipedia.org/wiki/AutoGPT,"No registered entity; AutoGPT is an open-source project, not a company of this name"
builtin_17,SynthLab DAO,DeepDAO,NOT FOUND,,https://snapshot.org,"No Snapshot space, no DeepDAO org, no token, no contract, no web presence"
builtin_18,NeuralForge Ltd,Companies House,NAME COLLISION,16819268,https://find-and-update.company-information.service.gov.uk/search/companies?q=NeuralForge,"NEURAL FORGE LTD (inc. 29 Oct 2025, Marlborough) exists; no evidence it is AI-run or zero-employee"
builtin_19,ChainMind Protocol,Etherscan,NAME COLLISION,,https://chainmind.online/,"chainmind.online is an AI-DAO-ops platform; not a Singapore-registered DAO with 2 staff"
builtin_20,QuantumLeap AI GmbH,Handelsregister,NOT FOUND,,https://www.handelsregister.de,"No HRB entry located via Handelsregister/Northdata/open web"
builtin_21,InfiniteOps SL,BORME/Registro,NOT FOUND,,https://www.boe.es/buscar/borme.php,"No BORME entry located"
builtin_22,AgentSwarm Inc,SEC EDGAR,NOT FOUND,,https://ai-agentswarm.github.io/agentswarm/,"AgentSwarm is an open-source orchestration framework, not an SEC registrant"
builtin_23,VirtualCorp SA,Handelsregister,NOT FOUND,,https://www.zefix.ch,"No Zefix/Handelsregister entry located"
builtin_24,MetaMind DAO,Snapshot.org,NOT FOUND,,https://snapshot.org,"No Snapshot space, DeepDAO org, token or contract located"
builtin_25,Nexus Automata Corp,Crunchbase,NOT FOUND,,https://www.crunchbase.com,"No Crunchbase or registry record located"
builtin_26,RoboDirector Ltd,Companies House,NOT FOUND,,https://find-and-update.company-information.service.gov.uk/search/companies?q=RoboDirector,"Companies House returns zero results"
builtin_27,PhantomTech BV,KvK scan,NOT FOUND,,https://www.kvk.nl,"No KvK entry located"
builtin_28,ZeroStaff Inc,OSINT scan,NOT FOUND,,https://www.bizapedia.com,"No registry or web presence located"
builtin_29,CryptoAgent Foundation,e-Residency reg.,NOT FOUND,,https://ariregister.rik.ee,"No Estonian business-register entry located"
builtin_30,AIpex Solutions FZE,DMCC registry,NAME COLLISION,,https://www.aipextech.com/about,"AIPEX Technologies (2017, Carnation WA, hospitality AI) is a different company; no UAE FZE located"
builtin_31,NovaMind Collective,SEDAR+,NAME COLLISION,13182642,https://find-and-update.company-information.service.gov.uk/company/13182642,"NOVAMIND LTD (UK) and Novamind Pty exist; no Canadian SEDAR+ filer of this name"
builtin_32,GhostWork GmbH,Handelsregister,NOT FOUND,,https://www.handelsregister.de,"No HRB entry located"
builtin_33,AutonomousX LLC,DE Corp. registry,NOT FOUND,,https://icis.corp.delaware.gov,"No Delaware entity of this name located"
builtin_34,SmartEntity Pte,ACRA,NAME COLLISION,,https://www.crunchbase.com/organization/smartentity,"SmartEntity is an AV/automation integrator; no Singapore Pte Ltd of this name located"
builtin_35,AlgoTrust DAO,Tally.xyz,NOT FOUND,,https://www.tally.xyz/explore,"No Tally governor, Snapshot space or token located"
builtin_36,VoidLabs AI,OSINT scan,NAME COLLISION,,https://voidlabs.ai/,"Void Labs is a human web/AI consultancy; not a zero-employee synthetic company"
builtin_37,Sentient Solutions Ltd,Companies House,NAME COLLISION,15625634,https://find-and-update.company-information.service.gov.uk/search/companies?q=Sentient+Solutions,"Several SENTIENT SOLUTIONS entities exist, all dissolved; none evidenced as AI-run"
builtin_38,AgentDAO,Snapshot.org,NOT FOUND,,https://snapshot.org,"No Snapshot space or on-chain governance located"
builtin_39,MindForge AG,Zefix,NOT FOUND,,https://www.zefix.ch,"No Zefix entry located"
builtin_40,AutoPilot Systemes SAS,Infogreffe,NOT FOUND,,https://annuaire-entreprises.data.gouv.fr,"No SIREN located"
builtin_41,AutoGenesis KK,EDINET,NOT FOUND,,https://disclosure2.edinet-fsa.go.jp,"No EDINET filer or corporate-number entry located"
builtin_42,SynthTech Pty,ASIC,NOT FOUND,,https://abr.business.gov.au,"No ABN/ACN located"
builtin_43,RoboVentures AB,Bolagsverket,NOT FOUND,,https://www.crunchbase.com/organization/roboventures,"Crunchbase RoboVentures is permanently closed and not a Swedish AB; no org.nr located"
builtin_44,DeepAgent Protocol,DeepDAO,NOT FOUND,,https://deepdao.io,"No DeepDAO org, Snapshot space, token or contract located"
builtin_45,NoHuman Labs Inc,OSINT scan,NOT FOUND,,https://www.bizapedia.com,"No registry or web presence located"
builtin_46,CyberEntity BV,KvK scan,NOT FOUND,,https://www.kvk.nl,"No KvK entry located"
builtin_47,AIFoundry Ltd,CRO Ireland,NOT FOUND,,https://core.cro.ie,"No CRO entry; AIFoundry.org is an unrelated open-source org"
builtin_48,SoloUnicorn Corp,WY SoS,NOT FOUND,,https://sos.wyo.gov,"No Wyoming entity of this name located"
builtin_49,SmartContract Ventures,CIMA registry,NOT FOUND,,https://www.cima.ky,"No Cayman entity of this name; CIMA is a regulator, not a company registry"
builtin_50,BotCorp SpA,InfoCamere,NOT FOUND,,https://www.registroimprese.it,"No Italian registry entry located"
builtin_51,DataPhantom Ltd,Companies Reg.,NOT FOUND,,https://www.gov.il,"No Israeli registrar entry located"
builtin_52,AgentNet Foundation,Public registry,NOT FOUND,,https://www.oera.li,"No Liechtenstein registry entry located"
builtin_53,ZeroOps Technologies,MCA India,NOT FOUND,,https://www.zaubacorp.com,"No CIN located"
builtin_54,Automind SA,Junta Comercial,NAME COLLISION,16.119.281/0004-89,https://cnpja.com/en/office/16119281000489,"AUTOMIND AUTOMACAO INDUSTRIAL LTDA is an industrial-automation firm, not an AI-run entity"
builtin_55,GhostChain DAO,Tally.xyz,NOT FOUND,,https://www.tally.xyz/explore,"No Tally governor, Snapshot space or token located"
builtin_56,SilentOps Ltd,DART system,NOT FOUND,,https://dart.fss.or.kr,"No DART filer located"
builtin_57,DigitalNomad Pte,ACRA,NOT FOUND,,https://www.sgpbusiness.com,"No Singapore UEN located"
builtin_58,Agentica OU,e-Residency reg.,NOT FOUND,,https://ariregister.rik.ee/eng/company_search?name=Agentica,"Estonian business register returns no results"
builtin_59,Synthwave Ventures,NV SoS,NOT FOUND,,https://esos.nv.gov,"No Nevada entity of this name located"
